SET FOREIGN_KEY_CHECKS = 0;

CREATE TABLE `y_const` (
  `const_id` int(11) NOT NULL AUTO_INCREMENT,
  `const_group` varchar(100) NOT NULL,
  `const_code` varchar(100) NOT NULL,
  `const_name` varchar(200) DEFAULT NULL,
  `const_comment` varchar(100) DEFAULT NULL,
  `active_flag` smallint(1) DEFAULT '1',
  PRIMARY KEY (`const_id`),
  KEY `idxconst_1` (`const_group`)
) ENGINE=InnoDB AUTO_INCREMENT=27 DEFAULT CHARSET=utf8 COMMENT='常量表';

insert into `y_const`(`const_id`,`const_group`,`const_code`,`const_name`,`const_comment`,`active_flag`) values
('1','EVENT_TYPE','1','未知名尸体','','1'),
('2','EVENT_TYPE','2','落水失踪人员','','1'),
('3','EVENT_TYPE','3','疑似落水失踪人员','','1'),
('4','EVENT_TYPE','4','外单位协查','','1'),
('5','EVENT_CHECKED_CLEAR','0','未查清','是否查清：未查清','1'),
('6','EVENT_CHECKED_CLEAR','1','已查清','是否查清：已查清','1'),
('7','EVENT_NOTIFY_CITY','0','未通知市局','110备注-是否通知市局：未通知','1'),
('8','EVENT_NOTIFY_CITY','1','已通知市局','110备注-是否通知市局：已通知','1'),
('9','EVENT_NOTIFY_OTHER','0','未通知其他分局','110备注-是否通知其他分局：未通知','1'),
('10','EVENT_NOTIFY_OTHER','1','已通知其他分局','110备注-是否通知其他分局：已通知','1'),
('11','EVENT_XZ_DNA','0','未采集','刑侦队备注-是否采集DNA:未采集','1'),
('12','EVENT_XZ_DNA','1','已采集','刑侦队备注-是否采集DNA:已采集','1'),
('13','EVENT_XZ_OTHER','0','已通知其他单位','刑侦队备注-是否通知其他单位：已通知','1'),
('14','EVENT_XZ_OTHER','1','未通知其他单位','刑侦队备注-是否通知其他单位：未通知','1'),
('15','EVENT_COMMENT','COMMENT_PCS','派出所备注','','1'),
('16','RECEIVE_EVENT_ORG','1','接警单位A','接警单位','1'),
('17','RECEIVE_EVENT_ORG','2','接警单位B','接警单位','1'),
('18','RECEIVE_EVENT_ORG','3','接警单位C','接警单位','1'),
('19','CO_ORG','1','协查单位1','协查单位','1'),
('20','CO_ORG','2','协查单位2','协查单位','1'),
('21','CO_ORG','3','协查单位3','协查单位','1'),
('22','GENDER','M','男','性别','1'),
('23','GENDER','F','女','性别','1'),
('24','GENDER','U','未知','性别','1'),
('25','EVENT_COMMENT_XZZD','COMMENT_XZZD','刑侦支队备注','刑侦支队备注：输入内容','1'),
('26','EVENT_COMMENT_110','COMMENT_110','110备注','110备注：输入内容','1');
CREATE TABLE `y_attachment` (
  `att_id` int(11) NOT NULL AUTO_INCREMENT,
  `att_uri` varchar(100) NOT NULL,
  `event_id` int(11) DEFAULT NULL,
  `up_time` datetime DEFAULT NULL,
  `up_user` varchar(100) DEFAULT NULL,
  `file_name` varchar(500) DEFAULT NULL,
  `file_size` bigint(20) DEFAULT NULL,
  `file_type` varchar(50) DEFAULT NULL,
  PRIMARY KEY (`att_id`),
  KEY `idxatt_1` (`event_id`)
) ENGINE=InnoDB AUTO_INCREMENT=29 DEFAULT CHARSET=utf8 COMMENT='附件表';

insert into `y_attachment`(`att_id`,`att_uri`,`event_id`,`up_time`,`up_user`,`file_name`,`file_size`,`file_type`) values
('8','44_91c5e12df6e04ef295c04a46f2c7d5f3','44','2018-04-06 17:23:37','pcsa','hui.jpg','48806','jpg'),
('9','45_0f4b8747032548edae780516ae1ae1de','45','2018-04-06 22:23:08','ycfj','新建 Microsoft Office Word 2007 文档.docx','13729','docx'),
('10','47_fd61e5779ac148c7a48348505a4ce47d','47','2018-04-09 09:57:40','pcsa','图片1.jpg','62825','jpg'),
('11','47_7b081ca206544f0da4d9a8d168f48d06','47','2018-04-09 09:57:40','pcsa','a8582f7f03fef28a.png','32793','png'),
('12','48_255bd34ffe014a9989cfb58ec80ebbb1','48','2018-04-09 20:09:11','ycfj','1494079064284174.png','390587','png'),
('13','48_de9d76a4532348228c6086752ea44b92','48','2018-04-09 20:09:11','ycfj','a8582f7f03fef28a.png','32793','png'),
('14','49_7822c119e0834b509aca2a1d48107667','49','2018-04-11 11:51:23','pcsa','百度地图.png','243389','png'),
('15','50_1afcb88a220840798d71b863956ea947','50','2018-04-12 15:02:27','pcsa','张劲原版.jpg','65181','jpg'),
('16','52_aacb72a531634088b31806f80cc232c8','52','2018-04-26 17:13:59','ycfj','hui.jpg','48806','jpg'),
('17','52_e2629f36bdc14f4f953d449f37bc218d','52','2018-04-26 17:13:59','ycfj','2.jpg','113534','jpg'),
('18','54_70b8570b94e4495cb6c87fc750d04fdb','54','2018-04-27 10:08:58','bds','mmexport1518400530485.jpg','112933','jpg'),
('19','54_18ff8a3ef1d1403da4191ac7d29f861b','54','2018-04-27 10:08:58','bds','mmexport1518400527867.jpg','254490','jpg'),
('20','54_ef8fd22657fe47158cdecd9ab90823df','54','2018-04-27 10:08:58','bds','照片 005.jpg','8228718','jpg'),
('21','56_c5b20f6aa49e4594998962c7d5e049e7','56','2018-04-27 10:13:42','bds','13协查通报.doc','178688','doc'),
('22','57_52eb68d6c43f4e68bc071a816ccfc274','57','2018-04-27 10:21:09','bds','10火化证明（无主）.doc','27136','doc'),
('23','58_7767104098a44181a1351ad55b76903f','58','2018-04-28 10:14:15','zjs','IMG_8916.JPG','994502','JPG'),
('24','58_eb7a5b497d2d4686869dbc6ac7a89a17','58','2018-04-28 10:14:15','zjs','IMG_8921.JPG','1308660','JPG'),
('25','59_7569a4ebddd44e22a0fe9d2aab39dfb2','59','2018-04-28 10:26:41','zjs','IMG_8952.JPG','982492','JPG'),
('26','61_64511ffec187426e95015c80c453e41a','61','2018-04-28 10:36:33','zjs','IMG_8927.JPG','1196385','JPG'),
('27','62_0e5ca0d93bc3465ba384f4d6ce5d77f1','62','2018-04-28 10:52:13','zjs','IMG_8916.JPG','994502','JPG'),
('28','63_8bf18ec2c07647c6a990764943cd50df','63','2018-05-04 10:04:22','gzs','IMG_20180427_164808_HHT.jpg','7521638','jpg');
CREATE TABLE `y_event` (
  `event_id` int(11) NOT NULL AUTO_INCREMENT,
  `event_type` varchar(100) DEFAULT NULL COMMENT '事件类型',
  `rcv_org_code` varchar(100) DEFAULT NULL COMMENT '接警单位代码',
  `rcv_org_name` varchar(200) DEFAULT NULL COMMENT '接警单位名称',
  `handler_name` varchar(100) DEFAULT NULL COMMENT '处警民警',
  `reportor_name` varchar(100) DEFAULT NULL COMMENT '报警人姓名',
  `reportor_tel` varchar(200) DEFAULT NULL COMMENT '报警人电话',
  `name` varchar(100) DEFAULT NULL COMMENT '姓名',
  `gender` varchar(10) DEFAULT NULL COMMENT '性别',
  `event_time` datetime DEFAULT NULL COMMENT '事件时间',
  `id_num` varchar(50) DEFAULT NULL COMMENT '身份证号',
  `co_org_name` varchar(200) DEFAULT NULL COMMENT '协查单位名称',
  `co_org_contact` varchar(100) DEFAULT NULL COMMENT '协查单位联系人',
  `co_org_tel` varchar(50) DEFAULT NULL COMMENT '协查单位电话',
  `input_user_id` int(11) DEFAULT NULL COMMENT '录入人ID',
  `input_user_name` varchar(100) DEFAULT NULL COMMENT '录入人账号',
  `input_real_name` varchar(100) DEFAULT NULL COMMENT '录入人姓名',
  `input_org_id` int(11) DEFAULT NULL COMMENT '录入人单位id',
  `input_org_name` varchar(200) DEFAULT NULL COMMENT '录入人单位名称',
  `input_time` datetime DEFAULT NULL COMMENT '录入时间',
  `reviewer_name` varchar(100) DEFAULT NULL COMMENT '审核人',
  `brief_info` varchar(1000) DEFAULT NULL COMMENT '简要警情',
  `detail_info` varchar(1000) DEFAULT NULL COMMENT '人员情况',
  PRIMARY KEY (`event_id`)
) ENGINE=InnoDB AUTO_INCREMENT=69 DEFAULT CHARSET=utf8 COMMENT='事件表';

insert into `y_event`(`event_id`,`event_type`,`rcv_org_code`,`rcv_org_name`,`handler_name`,`reportor_name`,`reportor_tel`,`name`,`gender`,`event_time`,`id_num`,`co_org_name`,`co_org_contact`,`co_org_tel`,`input_user_id`,`input_user_name`,`input_real_name`,`input_org_id`,`input_org_name`,`input_time`,`reviewer_name`,`brief_info`,`detail_info`) values
('43','1','1',null,'张一一','张二二','12341234','张四四','M','2018-04-05 00:00:00','32343234','1','张三三','22342234','2',null,'张五五','2','派出所A','2018-04-06 16:54:43','张六六','1。简要警情简要警情简要警情简要警情简要警情简要警情简要警情简要警情简要警情简要警情简要警情。
2。简要警情简要警情简要警情简要警情简要警情简要警情简要警情简要警情简要警情简要警情简要警情。','1。人员情况人员情况人员情况人员情况人员情况人员情况人员情况人员情况人员情况人员情况。
2。人员情况人员情况人员情况人员情况人员情况人员情况人员情况人员情况人员情况人员情况。'),
('44','1','1',null,'张一一','张二二','11111111','张四四','M','2018-04-06 00:00:00','33333333','1','张三三','22222222','2','pcsa','张五五','2','派出所A','2018-04-06 17:23:37','张六六','1。简要警情:简要警情:简要警情:简要警情:简要警情:简要警情:简要警情:简要警情:简要警情:
2。简要警情:简要警情:简要警情:简要警情:简要警情:简要警情:简要警情:简要警情:简要警情:','1。人员情况:人员情况:人员情况:人员情况:人员情况:人员情况:人员情况:人员情况:人员情况:人员情况:人员情况:
2。人员情况:人员情况:人员情况:人员情况:人员情况:人员情况:人员情况:人员情况:人员情况:人员情况:人员情况:'),
('45',null,null,null,'','','','',null,'2018-04-06 00:00:00','',null,'','','1','ycfj','','1','宜昌分局','2018-04-06 22:23:08','','',''),
('46','2','1',null,'史昀','张三','15671043678','李四','M','2018-04-09 00:00:00','420507197601140128','1','','','2','pcsa','史昀','2','派出所A','2018-04-09 09:09:21','彭晓丹','2018年4月9日，我所接110指挥中心转警称：在万达江边有人跳江，接警后，我所立刻赶往现场处置警情。','落水人姓名李四，男，湖北宜昌人，身高1米75'),
('47','1','1',null,'曹俊','王刚','15671042555','','F','2018-04-09 00:00:00','','1','','','2','pcsa','曹俊','2','派出所A','2018-04-09 09:57:40','彭晓丹','接110指令，2018年二月9日，宜昌段王家河水域发现一具未知名尸体，民警迅速到现场处置。','身长1亩65，长发，左臂有纹身'),
('48','3','1',null,'史昀','史昀','123123213','李四','M','2018-04-09 00:00:00','213123213123213213123213','1','','','1','ycfj','史昀','1','宜昌分局','2018-04-09 20:09:11','彭晓丹','啥技术的教案设计还打算打','阿萨德阿萨德阿萨德阿萨斯多'),
('49','1','1',null,'廖复强、张村','张三','15586360000','未知名','M','2018-04-10 00:00:00','无','','','','2','pcsa','张村','2','派出所A','2018-04-11 11:51:23','廖复强','2018年4月20日上午，本局宜昌派出所根据群众报警，在宜昌市伍家岗区临江坪长江水域发现一具男性浮尸。','死者青年男性，高度腐败，尸长169cm'),
('50','2','1',null,'廖警官 、张警官','王五','1234560256','李三刀','M','2018-04-12 00:00:00','420503197802414562','','','','2','pcsa','张警官','2','派出所A','2018-04-12 15:02:27','廖警官','2018年4月11日10时，王五到本局宜昌派出所报警称，其父亲李三刀于昨晚离家失踪。','李三刀，男，420503197802414562，身高185cm，体态瘦，失踪前上身外穿黑色外套，下身外穿红色休闲裤，脚穿红色布鞋。'),
('51','4','1',null,'曹中围','','','','M','2018-04-12 00:00:00','','1','谢警官','18536202251','3','pcsb','曹中围 ','3','派出所B','2018-04-12 15:15:55','曹 ','2018年4月11日，万州分局发来协查，具体看上述协查',''),
('52','3','1',null,'测试1','测试2','12341233','未知','M','2018-04-26 00:00:00','422222222222','','','','1','ycfj','','1','宜昌分局','2018-04-26 17:13:59','','',''),
('53','1','1',null,'','','','','M','2018-04-27 00:00:00','','','','','1','ycfj','','1','宜昌分局','2018-04-27 10:00:16','','',''),
('54','1','1',null,'刘成五','李三多','18536980251','','M','2018-04-27 00:00:00','','','','','4','bds','曹中围 ','4','巴东所','2018-04-27 10:08:58','谢来吧','2018韭菜鸡蛋就','时候都很反'),
('55','2','1',null,'王文元','李的','15862254562','','M','2018-04-27 00:00:00','','','','','4','bds','曹中围 ','4','巴东所','2018-04-27 10:12:12','谢与强','短发','短发非法'),
('56','4','1',null,'','','','','M','2018-04-27 00:00:00','','','','','4','bds','曹中围 ','4','巴东所','2018-04-27 10:13:42','发到','',''),
('57','4','1',null,'','','','','M','2018-04-27 00:00:00','','','','','4','bds','曹中围 ','4','巴东所','2018-04-27 10:21:09','谢来吧','短发','短发'),
('58','1','1',null,'罗成舟、姚辰','李报警','15326851024','未知名','M','2018-04-28 00:00:00','','','','','11','zjs','罗成舟','11','枝江所','2018-04-28 10:14:15','佘建富','2018年4月28日10时20分，本局枝江派出所根据群众报警，在枝江市百里洲镇附近长江水域发现一具男性浮尸。','死者男性，尸长156cm，高度腐败。死者上身外穿黑色短袖，腰系黑色皮带，下身外穿黑色长裤，白色三角内裤，脚穿黑色皮鞋。 死者面部右侧脸颊有个颗黑痣。'),
('59','2','1',null,'罗成舟、姚辰','文报警','15685241203','张落水','M','2018-04-28 00:00:00','520201198901010146','','','','11','zjs','罗成舟','11','枝江所','2018-04-28 10:26:41','佘建富','2018年4月28日10时01分，本局枝江派出所接枝江市公安局110指挥中心指令，在枝江市城区五码头长江水域有人落水。','经查，落水者叫张落水，男，1989年1月1日生，身份证号码520201198901010146，户籍住址：湖北省枝江市1号，现住址：枝江市2号。张落水身高189cm，落水前上身穿黑色短袖。张落水右腿做过手术，留有疤痕。 张落水照片见上述图片。'),
('60','3','1',null,'罗成舟、姚辰','田三','15671002012','王百万','F','2018-04-28 00:00:00','420281199201012010','','','','11','zjs','罗成舟','11','枝江所','2018-04-28 10:35:35','佘建富','2018年4月28日10时01分，王百万的家属田三来本局枝江派出所报警称，王百万于2018年4月27日20时许，从枝江市1号离家出走，至今未归。','失踪者王百万，女，1992年1月1日出生，身份证号420281199201012010，户籍住址：湖北省枝江市1号，现住址：枝江市1号。最后失踪地点：枝江市国际大酒店附近。失踪前王百万上身穿黑色短袖，腰系黑色皮带，下身穿黑色皮裤，脚穿黑色皮鞋。王百万于2010年做过阑尾炎手术，右侧下腹部留有手术疤痕。'),
('61','1','1',null,'罗成舟、姚辰','田三','15671002012','王百万','M','2018-04-28 00:00:00','420281199201012010','','','','11','zjs','罗成舟','11','枝江所','2018-04-28 10:36:33','佘建富','2018年4月28日10时01分，王百万的家属田三来本局枝江派出所报警称，王百万于2018年4月27日20时许，从枝江市1号离家出走，至今未归。','失踪者王百万，女，1992年1月1日出生，身份证号420281199201012010，户籍住址：湖北省枝江市1号，现住址：枝江市1号。最后失踪地点：枝江市国际大酒店附近。失踪前王百万上身穿黑色短袖，腰系黑色皮带，下身穿黑色皮裤，脚穿黑色皮鞋。王百万于2010年做过阑尾炎手术，右侧下腹部留有手术疤痕。
王百万照片见上述图片。'),
('62','4','1',null,'罗成舟、姚辰','李协查','15671002000','李坏蛋','M','2018-04-28 00:00:00','420500198901012010','1','王警官','13201012010','11','zjs','罗成舟','11','枝江所','2018-04-28 10:52:13','佘建富','2018年4月28日10时01分，本局枝江派出所接枝江市公安局协查通报，2018年4月10日在湖北省枝江市某镇发生一起命案，经初查，犯罪嫌疑人系李坏蛋（男，420500198901012010）。具体情况见上述协查通报。','犯罪嫌疑人李坏蛋，男，1989年1月1日生，身份证号码420500198901012010，户籍地：枝江市某镇1号，现住址：枝江市某镇2号。据调查，李坏蛋身高168cm，右侧眉毛处有一大黑痣，案发时李坏蛋上身穿黑色短袖，腰系黑色皮带，下身穿黑色长裤，脚穿黑色皮鞋。'),
('63','2',null,'葛洲坝船闸派出所','王敏，黄洲','李四','18888888888','王小二','M','2018-05-04 00:00:00','420500000000000000','','王二','13999999999','8','gzs','付强','8','葛闸所','2018-05-04 10:04:22','余志刚','2018年5月4日9时接分局110转警称，此处省略180字','略'),
('64','1',null,'葛洲坝船闸派出所','略','无','无','无','M','2018-05-04 00:00:00','无','无','无','无','8','gzs','略','8','葛闸所','2018-05-04 14:50:53','略','略','luw'),
('65','1',null,'宜昌派出所','付攀、彭森、卜永阔','杜康','15897557797','未知名','M','2018-04-14 00:00:00','','','','','9','ycs','彭森','9','宜昌所','2018-05-04 14:52:08','付攀','2018年4月13日晚10时58分，本局宜昌派出所接分局110指令，在宜昌市红光港机厂浮吊码头江边发现一具男性浮尸。','死者男性，尸长170cm，上穿灰色格子衬衫，下穿黑色休闲裤，腰系黑色皮带，手戴天王牌手表，脚穿木林森牌皮鞋。死者牙齿有两颗烤瓷牙。'),
('66','2',null,'宜昌派出所','彭森','李超人','13986799776','张超人','M','2018-05-04 00:00:00','420529199308203358','','','','9','ycs','彭森','9','宜昌所','2018-05-04 15:02:12','付攀','2018年5月4日12时02分，本局宜昌派出所接李超人报警，在宜昌市城区滨江公园区域有人落水。','经查，落水者张超人，男，1993年8月20日出生，居民身份证号码为420529199308203358，户籍地址为湖北省宜昌市桃花岭1号。现住地湖北省宜昌市桃花岭2号。据落水者李超人的朋友张超人介绍，张超人身高2米2,落水前上身穿黑色衬衣，腰系黑色皮带，下着黑色皮鞋。张超人右脸有一块胎记。'),
('67','3',null,'宜昌派出所','付攀、彭森','傅年','139977399305','傅仪仙','M','2018-05-04 00:00:00','420529194407013358','','','','9','ycs','彭森','9','宜昌所','2018-05-04 15:08:49','付攀','2018年5月4日8时，本局宜昌派出所接傅年报警，其父亲傅仪仙于2018年4月29日离家出走，至今未归，怀疑落水轻生。','经查，失踪者傅仪仙，男，1955年7月1日出生，身份证号码为420529194407013358，户籍地湖北省宜昌市1号，现住址湖北省宜昌市1号。据失踪者傅仪仙的儿子傅年介绍，傅仪仙高1米65，失踪前上身穿格子衬衫，下着蓝色长裤。之前患有焦虑症，有投江轻生的念头。'),
('68','4',null,'宜昌派出所','付攀、彭森','傅年','13986799776','张超人','M','2018-05-04 00:00:00','420529194407013358','','','','9','ycs','彭森','9','宜昌所','2018-05-04 15:15:30','付攀','2018年5月4日12时，本局宜昌派出所接宜昌市公安局协查通报，2018年5月4日上午10时在湖北省宜昌市伍家岗区发生一起命案，经初查，犯罪嫌疑人系张超人(男，420529194407013358），具体情况见上述协查通报。','犯罪嫌疑人张超人，男，1944年7月1日出生，身份证号码为420529194407013358，户籍地湖北省宜昌市1号，现住址湖北省宜昌市2号，据调查，张超人身高165cm,右侧眉毛处有一大黑痣。案发时张超人上着黑色短袖，下着黑色长裤，脚穿黑色皮鞋。');
CREATE TABLE `y_event_comment` (
  `comment_id` int(11) NOT NULL AUTO_INCREMENT COMMENT '备注id。自增长列',
  `event_id` int(11) NOT NULL COMMENT '事件id',
  `comment_type` varchar(100) NOT NULL COMMENT '备注类型。',
  `comment_value` varchar(1000) NOT NULL COMMENT '备注值',
  `oper_user` varchar(100) NOT NULL COMMENT '备注人',
  `oper_time` datetime NOT NULL COMMENT '备注时间',
  `active` tinyint(4) NOT NULL DEFAULT '1' COMMENT '是否生效：1-生效 0-失效',
  PRIMARY KEY (`comment_id`),
  KEY `I_CMT_EVENTID` (`event_id`,`comment_type`)
) ENGINE=InnoDB AUTO_INCREMENT=303 DEFAULT CHARSET=utf8 COMMENT='事件表';

insert into `y_event_comment`(`comment_id`,`event_id`,`comment_type`,`comment_value`,`oper_user`,`oper_time`,`active`) values
('93','44','EVENT_CHECKED_CLEAR','0','pcsa','2018-04-06 17:23:38','1'),
('94','44','EVENT_NOTIFY_CITY','0','pcsa','2018-04-06 17:23:38','1'),
('95','44','EVENT_NOTIFY_OTHER','0','pcsa','2018-04-06 17:23:38','1'),
('96','44','EVENT_XZ_DNA','0','pcsa','2018-04-06 17:23:38','1'),
('97','44','EVENT_XZ_OTHER','0','pcsa','2018-04-06 17:23:38','1'),
('98','44','EVENT_COMMENT_PCS','1。派出所备注:派出所备注:派出所备注:派出所备注:派出所备注:派出所备注:派出所备注:
2。派出所备注:派出所备注:派出所备注:派出所备注:派出所备注:派出所备注:派出所备注:','pcsa','2018-04-06 17:23:38','1'),
('99','44','EVENT_CHECKED_CLEAR','1','pcsa','2018-04-06 19:13:36','1'),
('100','44','EVENT_COMMENT_PCS','1。派出所备注:派出所备注:派出所备注:派出所备注:派出所备注:派出所备注:派出所备注:
2。派出所备注:派出所备注:派出所备注:派出所备注:派出所备注:派出所备注:派出所备注:','pcsa','2018-04-06 19:13:36','1'),
('101','45','EVENT_NOTIFY_CITY','0','ycfj','2018-04-06 22:23:09','1'),
('102','45','EVENT_NOTIFY_OTHER','0','ycfj','2018-04-06 22:23:09','1'),
('103','45','EVENT_XZ_DNA','0','ycfj','2018-04-06 22:23:09','1'),
('104','45','EVENT_XZ_OTHER','0','ycfj','2018-04-06 22:23:09','1'),
('105','45','EVENT_COMMENT_PCS','','ycfj','2018-04-06 22:23:09','1'),
('106','46','EVENT_CHECKED_CLEAR','0','pcsa','2018-04-09 09:09:22','1'),
('107','46','EVENT_NOTIFY_CITY','0','pcsa','2018-04-09 09:09:22','1'),
('108','46','EVENT_NOTIFY_OTHER','0','pcsa','2018-04-09 09:09:22','1'),
('109','46','EVENT_XZ_DNA','0','pcsa','2018-04-09 09:09:22','1'),
('110','46','EVENT_XZ_OTHER','0','pcsa','2018-04-09 09:09:22','1'),
('111','46','EVENT_COMMENT_PCS','','pcsa','2018-04-09 09:09:22','1'),
('112','47','EVENT_CHECKED_CLEAR','0','pcsa','2018-04-09 09:57:41','1'),
('113','47','EVENT_NOTIFY_CITY','0','pcsa','2018-04-09 09:57:41','1'),
('114','47','EVENT_NOTIFY_OTHER','0','pcsa','2018-04-09 09:57:41','1'),
('115','47','EVENT_XZ_DNA','0','pcsa','2018-04-09 09:57:41','1'),
('116','47','EVENT_XZ_OTHER','0','pcsa','2018-04-09 09:57:41','1'),
('117','47','EVENT_COMMENT_PCS','','pcsa','2018-04-09 09:57:41','1'),
('118','48','EVENT_CHECKED_CLEAR','0','ycfj','2018-04-09 20:09:12','1'),
('119','48','EVENT_NOTIFY_CITY','0','ycfj','2018-04-09 20:09:12','1'),
('120','48','EVENT_NOTIFY_OTHER','0','ycfj','2018-04-09 20:09:12','1'),
('121','48','EVENT_XZ_DNA','0','ycfj','2018-04-09 20:09:12','1'),
('122','48','EVENT_XZ_OTHER','0','ycfj','2018-04-09 20:09:12','1'),
('123','48','EVENT_COMMENT_PCS','','ycfj','2018-04-09 20:09:12','1'),
('124','43','EVENT_NOTIFY_CITY','0','ycfj','2018-04-09 21:39:47','1'),
('125','43','EVENT_NOTIFY_OTHER','0','ycfj','2018-04-09 21:39:47','1'),
('126','43','EVENT_XZ_DNA','0','ycfj','2018-04-09 21:39:47','1'),
('127','43','EVENT_XZ_OTHER','0','ycfj','2018-04-09 21:39:47','1'),
('128','43','EVENT_COMMENT_PCS','','ycfj','2018-04-09 21:39:47','1'),
('129','44','EVENT_NOTIFY_CITY','1','ycfj','2018-04-10 12:10:21','1'),
('130','44','EVENT_NOTIFY_OTHER','0','ycfj','2018-04-10 12:10:21','1'),
('131','44','EVENT_XZ_DNA','0','ycfj','2018-04-10 12:10:21','1'),
('132','44','EVENT_XZ_OTHER','1','ycfj','2018-04-10 12:10:21','1'),
('133','44','EVENT_COMMENT_PCS','1。派出所备注:派出所备注:派出所备注:派出所备注:派出所备注:派出所备注:派出所备注:
2。派出所备注:派出所备注:派出所备注:派出所备注:派出所备注:派出所备注:派出所备注:','ycfj','2018-04-10 12:10:21','1'),
('134','49','EVENT_CHECKED_CLEAR','0','pcsa','2018-04-11 11:51:24','1'),
('135','49','EVENT_NOTIFY_CITY','1','pcsa','2018-04-11 11:51:24','1'),
('136','49','EVENT_NOTIFY_OTHER','1','pcsa','2018-04-11 11:51:24','1'),
('137','49','EVENT_XZ_DNA','1','pcsa','2018-04-11 11:51:24','1'),
('138','49','EVENT_XZ_OTHER','1','pcsa','2018-04-11 11:51:24','1'),
('139','49','EVENT_COMMENT_PCS','处警情况已向分局110反馈，协查已发至各派出所。','pcsa','2018-04-11 11:51:24','1'),
('140','49','EVENT_CHECKED_CLEAR','0','pcsa','2018-04-12 14:52:40','1'),
('141','49','EVENT_COMMENT_PCS','处警情况已向分局110反馈，协查已发至各派出所。','pcsa','2018-04-12 14:52:40','1'),
('142','50','EVENT_CHECKED_CLEAR','0','pcsa','2018-04-12 15:02:27','1'),
('143','50','EVENT_NOTIFY_CITY','0','pcsa','2018-04-12 15:02:27','1'),
('144','50','EVENT_NOTIFY_OTHER','0','pcsa','2018-04-12 15:02:27','1'),
('145','50','EVENT_XZ_DNA','0','pcsa','2018-04-12 15:02:27','1'),
('146','50','EVENT_XZ_OTHER','0','pcsa','2018-04-12 15:02:27','1'),
('147','50','EVENT_COMMENT_PCS','该警情已传达110及各派出所、刑侦支队。','pcsa','2018-04-12 15:02:27','1'),
('148','51','EVENT_CHECKED_CLEAR','0','pcsb','2018-04-12 15:15:55','1'),
('149','51','EVENT_NOTIFY_CITY','0','pcsb','2018-04-12 15:15:55','1'),
('150','51','EVENT_NOTIFY_OTHER','0','pcsb','2018-04-12 15:15:55','1'),
('151','51','EVENT_XZ_DNA','0','pcsb','2018-04-12 15:15:55','1'),
('152','51','EVENT_XZ_OTHER','0','pcsb','2018-04-12 15:15:55','1'),
('153','51','EVENT_COMMENT_PCS','','pcsb','2018-04-12 15:15:55','1'),
('154','52','EVENT_CHECKED_CLEAR','0','ycfj','2018-04-26 17:14:00','1'),
('155','52','EVENT_NOTIFY_CITY','0','ycfj','2018-04-26 17:14:00','1'),
('156','52','EVENT_NOTIFY_OTHER','0','ycfj','2018-04-26 17:14:00','1'),
('157','52','EVENT_XZ_DNA','0','ycfj','2018-04-26 17:14:00','1'),
('158','52','EVENT_XZ_OTHER','0','ycfj','2018-04-26 17:14:00','1'),
('159','52','EVENT_COMMENT_PCS','','ycfj','2018-04-26 17:14:00','1'),
('160','52','EVENT_NOTIFY_CITY','0','xzzd','2018-04-26 21:50:24','1'),
('161','52','EVENT_NOTIFY_OTHER','1','xzzd','2018-04-26 21:50:24','1'),
('162','52','EVENT_XZ_DNA','1','xzzd','2018-04-26 21:50:24','1'),
('163','52','EVENT_XZ_OTHER','0','xzzd','2018-04-26 21:50:24','1'),
('164','48','EVENT_NOTIFY_CITY','1','xzzd','2018-04-26 21:52:40','1'),
('165','48','EVENT_NOTIFY_OTHER','0','xzzd','2018-04-26 21:52:40','1'),
('166','48','EVENT_XZ_DNA','0','xzzd','2018-04-26 21:52:40','1'),
('167','48','EVENT_XZ_OTHER','0','xzzd','2018-04-26 21:52:40','1'),
('168','53','EVENT_CHECKED_CLEAR','0','ycfj','2018-04-27 10:00:16','1'),
('169','53','EVENT_NOTIFY_CITY','0','ycfj','2018-04-27 10:00:16','1'),
('170','53','EVENT_NOTIFY_OTHER','0','ycfj','2018-04-27 10:00:16','1'),
('171','53','EVENT_XZ_DNA','0','ycfj','2018-04-27 10:00:16','1'),
('172','53','EVENT_XZ_OTHER','0','ycfj','2018-04-27 10:00:16','1'),
('173','53','EVENT_COMMENT_PCS','','ycfj','2018-04-27 10:00:16','1'),
('174','54','EVENT_CHECKED_CLEAR','0','bds','2018-04-27 10:08:58','1'),
('175','54','EVENT_NOTIFY_CITY','0','bds','2018-04-27 10:08:58','1'),
('176','54','EVENT_NOTIFY_OTHER','0','bds','2018-04-27 10:08:58','1'),
('177','54','EVENT_XZ_DNA','0','bds','2018-04-27 10:08:58','1'),
('178','54','EVENT_XZ_OTHER','0','bds','2018-04-27 10:08:58','1'),
('179','54','EVENT_COMMENT_PCS','已报到','bds','2018-04-27 10:08:58','1'),
('180','55','EVENT_CHECKED_CLEAR','0','bds','2018-04-27 10:12:12','1'),
('181','55','EVENT_NOTIFY_CITY','0','bds','2018-04-27 10:12:12','1'),
('182','55','EVENT_NOTIFY_OTHER','0','bds','2018-04-27 10:12:12','1'),
('183','55','EVENT_XZ_DNA','0','bds','2018-04-27 10:12:12','1'),
('184','55','EVENT_XZ_OTHER','0','bds','2018-04-27 10:12:12','1'),
('185','55','EVENT_COMMENT_PCS','大概','bds','2018-04-27 10:12:12','1'),
('186','56','EVENT_CHECKED_CLEAR','0','bds','2018-04-27 10:13:42','1'),
('187','56','EVENT_NOTIFY_CITY','0','bds','2018-04-27 10:13:42','1'),
('188','56','EVENT_NOTIFY_OTHER','0','bds','2018-04-27 10:13:42','1'),
('189','56','EVENT_XZ_DNA','0','bds','2018-04-27 10:13:42','1'),
('190','56','EVENT_XZ_OTHER','0','bds','2018-04-27 10:13:42','1'),
('191','56','EVENT_COMMENT_PCS','','bds','2018-04-27 10:13:42','1'),
('192','57','EVENT_CHECKED_CLEAR','0','bds','2018-04-27 10:21:09','1'),
('193','57','EVENT_NOTIFY_CITY','0','bds','2018-04-27 10:21:09','1'),
('194','57','EVENT_NOTIFY_OTHER','0','bds','2018-04-27 10:21:09','1'),
('195','57','EVENT_XZ_DNA','0','bds','2018-04-27 10:21:09','1'),
('196','57','EVENT_XZ_OTHER','0','bds','2018-04-27 10:21:09','1'),
('197','57','EVENT_COMMENT_PCS','短发','bds','2018-04-27 10:21:09','1'),
('198','54','EVENT_NOTIFY_CITY','0','xzzd','2018-04-27 10:26:33','1'),
('199','54','EVENT_NOTIFY_OTHER','0','xzzd','2018-04-27 10:26:33','1'),
('200','54','EVENT_XZ_DNA','1','xzzd','2018-04-27 10:26:33','1'),
('201','54','EVENT_XZ_OTHER','1','xzzd','2018-04-27 10:26:33','1'),
('202','50','EVENT_CHECKED_CLEAR','0','xzzd','2018-04-27 10:27:04','1'),
('203','50','EVENT_NOTIFY_CITY','0','xzzd','2018-04-27 10:27:04','1'),
('204','50','EVENT_NOTIFY_OTHER','0','xzzd','2018-04-27 10:27:04','1'),
('205','50','EVENT_XZ_DNA','1','xzzd','2018-04-27 10:27:04','1'),
('206','50','EVENT_XZ_OTHER','1','xzzd','2018-04-27 10:27:04','1'),
('207','50','EVENT_COMMENT_PCS','该警情已传达110及各派出所、刑侦支队。','xzzd','2018-04-27 10:27:04','1'),
('208','54','EVENT_CHECKED_CLEAR','0','bds','2018-04-27 10:30:00','1'),
('209','54','EVENT_COMMENT_PCS','已报到的  已查清','bds','2018-04-27 10:30:00','1'),
('210','58','EVENT_CHECKED_CLEAR','0','zjs','2018-04-28 10:14:15','1'),
('211','58','EVENT_NOTIFY_CITY','0','zjs','2018-04-28 10:14:15','1'),
('212','58','EVENT_NOTIFY_OTHER','0','zjs','2018-04-28 10:14:15','1'),
('213','58','EVENT_XZ_DNA','0','zjs','2018-04-28 10:14:15','1'),
('214','58','EVENT_XZ_OTHER','0','zjs','2018-04-28 10:14:15','1'),
('215','58','EVENT_COMMENT_PCS','该警情已反馈至分局110指挥中心及刑侦支队和各派出所。协查通报已传达各沿江地方派出所。','zjs','2018-04-28 10:14:15','1'),
('216','58','EVENT_CHECKED_CLEAR','0','zjs','2018-04-28 10:14:45','1'),
('217','58','EVENT_COMMENT_PCS','该警情已反馈至分局110指挥中心及刑侦支队和各派出所。协查通报已传达各沿江地方派出所。','zjs','2018-04-28 10:14:45','1'),
('218','59','EVENT_CHECKED_CLEAR','0','zjs','2018-04-28 10:26:41','1'),
('219','59','EVENT_NOTIFY_CITY','0','zjs','2018-04-28 10:26:41','1'),
('220','59','EVENT_NOTIFY_OTHER','0','zjs','2018-04-28 10:26:41','1'),
('221','59','EVENT_XZ_DNA','0','zjs','2018-04-28 10:26:41','1'),
('222','59','EVENT_XZ_OTHER','0','zjs','2018-04-28 10:26:41','1'),
('223','59','EVENT_COMMENT_PCS','该警情已向分局110、刑侦支队、分局及沿江地方派出所传达。','zjs','2018-04-28 10:26:41','1'),
('224','59','EVENT_CHECKED_CLEAR','0','zjs','2018-04-28 10:27:04','1'),
('225','59','EVENT_COMMENT_PCS','该警情已向分局110、刑侦支队、分局及沿江地方派出所传达。','zjs','2018-04-28 10:27:04','1'),
('226','59','EVENT_CHECKED_CLEAR','0','zjs','2018-04-28 10:27:19','1'),
('227','59','EVENT_COMMENT_PCS','该警情已向分局110、刑侦支队、分局及沿江地方派出所传达。','zjs','2018-04-28 10:27:19','1'),
('228','60','EVENT_CHECKED_CLEAR','0','zjs','2018-04-28 10:35:35','1'),
('229','60','EVENT_NOTIFY_CITY','0','zjs','2018-04-28 10:35:35','1'),
('230','60','EVENT_NOTIFY_OTHER','0','zjs','2018-04-28 10:35:35','1'),
('231','60','EVENT_XZ_DNA','0','zjs','2018-04-28 10:35:35','1'),
('232','60','EVENT_XZ_OTHER','0','zjs','2018-04-28 10:35:35','1'),
('233','60','EVENT_COMMENT_PCS','该警情已反馈至分局110指挥中心及刑侦支队和各派出所。','zjs','2018-04-28 10:35:35','1'),
('234','61','EVENT_CHECKED_CLEAR','0','zjs','2018-04-28 10:36:34','1'),
('235','61','EVENT_NOTIFY_CITY','0','zjs','2018-04-28 10:36:34','1'),
('236','61','EVENT_NOTIFY_OTHER','0','zjs','2018-04-28 10:36:34','1'),
('237','61','EVENT_XZ_DNA','0','zjs','2018-04-28 10:36:34','1'),
('238','61','EVENT_XZ_OTHER','0','zjs','2018-04-28 10:36:34','1'),
('239','61','EVENT_COMMENT_PCS','该警情已反馈至分局110指挥中心及刑侦支队和各派出所。','zjs','2018-04-28 10:36:34','1'),
('240','61','EVENT_CHECKED_CLEAR','0','zjs','2018-04-28 10:36:44','1'),
('241','61','EVENT_COMMENT_PCS','该警情已反馈至分局110指挥中心及刑侦支队和各派出所。','zjs','2018-04-28 10:36:44','1'),
('242','62','EVENT_CHECKED_CLEAR','0','zjs','2018-04-28 10:52:14','1'),
('243','62','EVENT_NOTIFY_CITY','0','zjs','2018-04-28 10:52:14','1'),
('244','62','EVENT_NOTIFY_OTHER','0','zjs','2018-04-28 10:52:14','1'),
('245','62','EVENT_XZ_DNA','0','zjs','2018-04-28 10:52:14','1'),
('246','62','EVENT_XZ_OTHER','0','zjs','2018-04-28 10:52:14','1'),
('247','62','EVENT_COMMENT_PCS','该警情已反馈至分局110、刑侦支队及各派出所','zjs','2018-04-28 10:52:14','1'),
('248','62','EVENT_CHECKED_CLEAR','0','zjs','2018-04-28 10:52:35','1'),
('249','62','EVENT_COMMENT_PCS','该警情已反馈至分局110、刑侦支队及各派出所','zjs','2018-04-28 10:52:35','1'),
('250','58','EVENT_NOTIFY_CITY','0','xzzd','2018-04-28 11:00:15','1'),
('251','58','EVENT_NOTIFY_OTHER','0','xzzd','2018-04-28 11:00:15','1'),
('252','58','EVENT_XZ_DNA','1','xzzd','2018-04-28 11:00:15','1'),
('253','58','EVENT_XZ_OTHER','1','xzzd','2018-04-28 11:00:15','1'),
('254','59','EVENT_NOTIFY_CITY','0','xzzd','2018-04-28 11:01:09','1'),
('255','59','EVENT_NOTIFY_OTHER','0','xzzd','2018-04-28 11:01:09','1'),
('256','59','EVENT_XZ_DNA','1','xzzd','2018-04-28 11:01:09','1'),
('257','59','EVENT_XZ_OTHER','1','xzzd','2018-04-28 11:01:09','1'),
('258','60','EVENT_NOTIFY_CITY','0','xzzd','2018-04-28 11:01:57','1'),
('259','60','EVENT_NOTIFY_OTHER','0','xzzd','2018-04-28 11:01:57','1'),
('260','60','EVENT_XZ_DNA','1','xzzd','2018-04-28 11:01:57','1'),
('261','60','EVENT_XZ_OTHER','1','xzzd','2018-04-28 11:01:57','1'),
('262','62','EVENT_NOTIFY_CITY','0','xzzd','2018-04-28 11:03:01','1'),
('263','62','EVENT_NOTIFY_OTHER','0','xzzd','2018-04-28 11:03:01','1'),
('264','62','EVENT_XZ_DNA','0','xzzd','2018-04-28 11:03:01','1'),
('265','62','EVENT_XZ_OTHER','1','xzzd','2018-04-28 11:03:01','1'),
('266','58','EVENT_NOTIFY_CITY','1','bgs','2018-04-28 11:04:38','1'),
('267','58','EVENT_NOTIFY_OTHER','1','bgs','2018-04-28 11:04:38','1'),
('268','58','EVENT_XZ_DNA','1','bgs','2018-04-28 11:04:38','1'),
('269','58','EVENT_XZ_OTHER','1','bgs','2018-04-28 11:04:38','1'),
('270','62','EVENT_NOTIFY_CITY','1','bgs','2018-04-28 11:06:16','1'),
('271','62','EVENT_NOTIFY_OTHER','1','bgs','2018-04-28 11:06:16','1'),
('272','62','EVENT_XZ_DNA','0','bgs','2018-04-28 11:06:16','1'),
('273','62','EVENT_XZ_OTHER','1','bgs','2018-04-28 11:06:16','1'),
('274','58','EVENT_CHECKED_CLEAR','0','zjs','2018-04-28 11:09:37','1'),
('275','58','EVENT_COMMENT_PCS','该警情已反馈至分局110指挥中心及刑侦支队和各派出所。协查通报已传达各沿江地方派出所。   
 死者右手腕带有一块白色“天皇”牌机械手表。','zjs','2018-04-28 11:09:37','1'),
('276','59','EVENT_NOTIFY_CITY','1','ycfj','2018-05-02 10:37:53','1'),
('277','59','EVENT_NOTIFY_OTHER','1','ycfj','2018-05-02 10:37:53','1'),
('278','59','EVENT_XZ_DNA','1','ycfj','2018-05-02 10:37:53','1'),
('279','59','EVENT_XZ_OTHER','1','ycfj','2018-05-02 10:37:53','1'),
('280','63','EVENT_CHECKED_CLEAR','0','gzs','2018-05-04 10:04:22','1'),
('281','63','EVENT_COMMENT_PCS','联系人王敏','gzs','2018-05-04 10:04:22','1'),
('282','64','EVENT_CHECKED_CLEAR','0','gzs','2018-05-04 14:50:53','0'),
('283','64','EVENT_COMMENT_PCS','略','gzs','2018-05-04 14:50:53','0'),
('284','65','EVENT_CHECKED_CLEAR','0','ycs','2018-05-04 14:52:09','0'),
('285','65','EVENT_COMMENT_PCS','该警情已反馈至分局110、刑侦支队和各派出所。该警情协查通报已发送至沿江各地方派出所。','ycs','2018-05-04 14:52:09','0'),
('286','65','EVENT_CHECKED_CLEAR','0','ycs','2018-05-04 14:52:39','1'),
('287','65','EVENT_COMMENT_PCS','该警情已反馈至分局110、刑侦支队和各派出所。该警情协查通报已发送至沿江各地方派出所。','ycs','2018-05-04 14:52:39','1'),
('288','66','EVENT_CHECKED_CLEAR','1','ycs','2018-05-04 15:02:12','0'),
('289','66','EVENT_COMMENT_PCS','该警情已反馈至分局110、刑侦支队和各派出所。该警情协查通报已送至各沿江地方派出所。','ycs','2018-05-04 15:02:12','0'),
('290','66','EVENT_CHECKED_CLEAR','1','ycs','2018-05-04 15:02:25','1'),
('291','66','EVENT_COMMENT_PCS','该警情已反馈至分局110、刑侦支队和各派出所。该警情协查通报已送至各沿江地方派出所。','ycs','2018-05-04 15:02:26','1'),
('292','67','EVENT_CHECKED_CLEAR','0','ycs','2018-05-04 15:08:49','0'),
('293','67','EVENT_COMMENT_PCS','该警情已反馈至分局110、刑侦支队和各派出所。该警情协查通报已送至沿江地方派出所。','ycs','2018-05-04 15:08:49','0'),
('294','67','EVENT_CHECKED_CLEAR','0','ycs','2018-05-04 15:09:12','1'),
('295','67','EVENT_COMMENT_PCS','该警情已反馈至分局110、刑侦支队和各派出所。该警情协查通报已送至沿江地方派出所。','ycs','2018-05-04 15:09:12','1'),
('296','68','EVENT_CHECKED_CLEAR','0','ycs','2018-05-04 15:15:30','0'),
('297','68','EVENT_COMMENT_PCS','该警情已反馈至分局110、刑侦支队及各派出所。','ycs','2018-05-04 15:15:30','0'),
('298','68','EVENT_CHECKED_CLEAR','0','ycs','2018-05-04 15:15:49','1'),
('299','68','EVENT_COMMENT_PCS','该警情已反馈至分局110、刑侦支队及各派出所。','ycs','2018-05-04 15:15:50','1'),
('300','64','EVENT_CHECKED_CLEAR','1','gzs','2018-05-06 22:15:00','1'),
('301','64','EVENT_COMMENT_PCS','略','gzs','2018-05-06 22:15:00','1'),
('302','63','EVENT_COMMENT_110','110用户备注测试【李】新建110账号 可查看 及修改110备注','110','2018-05-07 09:59:36','1');
CREATE TABLE `y_event_receipt` (
  `receipt_id` int(11) NOT NULL AUTO_INCREMENT,
  `event_id` int(11) NOT NULL COMMENT '事件ID',
  `user_id` int(11) NOT NULL COMMENT '用户id',
  `org_id` int(11) NOT NULL COMMENT '单位id',
  `receipt_time` datetime NOT NULL COMMENT '签收时间',
  `receipt_org_name` varchar(200) NOT NULL COMMENT '签收单位名称',
  `receipt_user` varchar(100) NOT NULL COMMENT '签收人姓名（页面填写）',
  PRIMARY KEY (`receipt_id`),
  KEY `I_RCPT_EVENTID` (`event_id`)
) ENGINE=InnoDB AUTO_INCREMENT=90 DEFAULT CHARSET=utf8 COMMENT='事件表';

insert into `y_event_receipt`(`receipt_id`,`event_id`,`user_id`,`org_id`,`receipt_time`,`receipt_org_name`,`receipt_user`) values
('10','43','2','2','2018-04-06 16:54:44','派出所A','派出所A'),
('11','44','2','2','2018-04-06 17:23:38','派出所A','派出所A'),
('12','44','3','3','2018-04-06 17:24:56','派出所B','史一一'),
('13','44','1','1','2018-04-06 20:11:01','宜昌分局','陈陈'),
('14','45','1','1','2018-04-06 22:23:08','宜昌分局','宜昌分局'),
('15','46','2','2','2018-04-09 09:09:21','派出所A','派出所A'),
('16','46','3','3','2018-04-09 09:11:40','派出所B','曾照明'),
('17','47','2','2','2018-04-09 09:57:41','派出所A','派出所A'),
('18','46','1','1','2018-04-09 15:17:21','宜昌分局','史昀'),
('19','48','1','1','2018-04-09 20:09:11','宜昌分局','宜昌分局'),
('20','48','2','2','2018-04-09 20:11:15','派出所A','杨卫东'),
('21','43','1','1','2018-04-09 21:36:27','宜昌分局','郭得钢'),
('22','49','2','2','2018-04-11 11:51:23','派出所A','派出所A'),
('23','45','2','2','2018-04-12 10:12:25','派出所A','曹'),
('24','50','2','2','2018-04-12 15:02:27','派出所A','派出所A'),
('25','51','3','3','2018-04-12 15:15:55','派出所B','派出所B'),
('26','48','3','3','2018-04-12 15:17:19','派出所B','张劲'),
('27','50','3','3','2018-04-12 15:21:47','派出所B','谢与'),
('28','50','1','1','2018-04-26 08:44:04','宜昌分局','曹'),
('29','51','1','1','2018-04-26 08:46:52','宜昌分局','曹'),
('30','51','2','2','2018-04-26 08:48:30','派出所A','曹篮球'),
('31','49','1','1','2018-04-26 14:54:11','宜昌分局','ss'),
('32','47','1','1','2018-04-26 14:58:43','宜昌分局','SS'),
('33','52','1','1','2018-04-26 17:14:00','宜昌分局','宜昌分局'),
('34','52','2','2','2018-04-26 21:50:05','刑侦支队','史昀'),
('35','53','1','1','2018-04-27 10:00:16','宜昌分局','宜昌分局'),
('36','54','4','4','2018-04-27 10:08:58','巴东所','巴东所'),
('37','55','4','4','2018-04-27 10:12:12','巴东所','巴东所'),
('38','56','4','4','2018-04-27 10:13:42','巴东所','巴东所'),
('39','49','4','4','2018-04-27 10:19:34','巴东所','曹'),
('40','57','4','4','2018-04-27 10:21:09','巴东所','巴东所'),
('41','53','5','5','2018-04-27 10:23:29','三峡所','曹的'),
('42','54','5','5','2018-04-27 10:24:03','三峡所','曹的'),
('43','51','5','5','2018-04-27 10:24:53','三峡所','曹的'),
('44','54','2','2','2018-04-27 10:26:14','刑侦支队','曹中'),
('45','50','9','9','2018-04-27 10:28:02','宜昌所','曹篮球'),
('46','50','5','5','2018-04-27 10:32:06','三峡所','曹'),
('47','53','6','6','2018-04-27 11:02:49','秭归所','SS'),
('48','56','6','6','2018-04-27 11:04:11','秭归所','ss'),
('49','53','2','2','2018-04-27 11:04:52','刑侦支队','CDC '),
('50','55','2','2','2018-04-27 11:11:24','刑侦支队','op'),
('51','57','2','2','2018-04-27 11:15:06','刑侦支队','123'),
('52','50','6','6','2018-04-27 11:35:31','秭归所','熊'),
('53','47','6','6','2018-04-27 11:36:52','秭归所','ss'),
('54','58','11','11','2018-04-28 10:14:15','枝江所','枝江所'),
('55','59','11','11','2018-04-28 10:26:41','枝江所','枝江所'),
('56','60','11','11','2018-04-28 10:35:35','枝江所','枝江所'),
('57','61','11','11','2018-04-28 10:36:34','枝江所','枝江所'),
('58','62','11','11','2018-04-28 10:52:14','枝江所','枝江所'),
('59','58','10','10','2018-04-28 10:54:19','宜都所','张志强'),
('60','59','10','10','2018-04-28 10:55:44','宜都所','张志强'),
('61','60','10','10','2018-04-28 10:58:02','宜都所','张志强'),
('62','62','10','10','2018-04-28 10:58:51','宜都所','张志强'),
('63','58','2','2','2018-04-28 10:59:53','刑侦支队','曹中围'),
('64','59','2','2','2018-04-28 11:00:47','刑侦支队','曹中围'),
('65','60','2','2','2018-04-28 11:01:40','刑侦支队','曹中围'),
('66','62','2','2','2018-04-28 11:02:50','刑侦支队','曹中围'),
('67','58','3','3','2018-04-28 11:04:21','办公室','彭小丹'),
('68','62','3','3','2018-04-28 11:05:48','办公室','彭小丹'),
('69','58','8','8','2018-04-28 11:07:10','葛闸所','王敏'),
('70','59','1','1','2018-05-02 10:36:59','宜昌分局','ss'),
('71','58','1','1','2018-05-02 14:21:54','宜昌分局','ss'),
('72','57','1','1','2018-05-03 14:56:36','宜昌分局','ss'),
('73','59','8','8','2018-05-04 09:56:22','葛闸所','付强'),
('74','60','8','8','2018-05-04 10:01:18','葛闸所','余志刚'),
('75','63','8','8','2018-05-04 10:04:22','葛闸所','葛闸所'),
('76','53','8','8','2018-05-04 10:09:35','葛闸所','余志刚'),
('77','63','1','1','2018-05-04 10:26:35','宜昌分局','史昀'),
('78','64','8','8','2018-05-04 14:50:53','葛闸所','葛闸所'),
('79','65','9','9','2018-05-04 14:52:09','宜昌所','宜昌所'),
('80','66','9','9','2018-05-04 15:02:12','宜昌所','宜昌所'),
('81','67','9','9','2018-05-04 15:08:49','宜昌所','宜昌所'),
('82','68','9','9','2018-05-04 15:15:30','宜昌所','宜昌所'),
('83','63','9','9','2018-05-04 15:17:20','宜昌所','彭森'),
('84','64','1','1','2018-05-06 22:09:39','宜昌分局','ss'),
('85','66','1','1','2018-05-06 22:10:46','宜昌分局','ss'),
('86','68','1','1','2018-05-06 22:11:44','宜昌分局','ss'),
('87','67','8','8','2018-05-06 22:16:20','葛闸所','ss'),
('88','63','12','12','2018-05-07 09:58:53','110','110'),
('89','61','1','1','2018-05-07 15:01:11','宜昌分局','ss');
CREATE TABLE `y_org` (
  `org_id` int(11) NOT NULL AUTO_INCREMENT,
  `org_name` varchar(200) DEFAULT NULL,
  `org_parent_id` int(11) DEFAULT NULL,
  PRIMARY KEY (`org_id`)
) ENGINE=InnoDB AUTO_INCREMENT=13 DEFAULT CHARSET=utf8;

insert into `y_org`(`org_id`,`org_name`,`org_parent_id`) values
('1','宜昌分局',null),
('2','刑侦支队','1'),
('3','办公室','1'),
('4','巴东所','1'),
('5','三峡所','1'),
('6','秭归所','1'),
('7','三斗坪所','1'),
('8','葛闸所','1'),
('9','宜昌所','1'),
('10','宜都所','1'),
('11','枝江所','1'),
('12','110','1');
CREATE TABLE `y_role` (
  `role_name` varchar(100) NOT NULL,
  `comment` varchar(100) DEFAULT NULL,
  PRIMARY KEY (`role_name`)
) ENGINE=InnoDB DEFAULT CHARSET=utf8;

CREATE TABLE `y_user` (
  `user_id` int(11) NOT NULL AUTO_INCREMENT,
  `org_id` int(11) DEFAULT NULL,
  `user_name` varchar(100) DEFAULT NULL,
  `pwd` varchar(100) DEFAULT NULL,
  `real_name` varchar(100) DEFAULT NULL,
  `org_name` varchar(100) DEFAULT NULL,
  PRIMARY KEY (`user_id`)
) ENGINE=InnoDB AUTO_INCREMENT=13 DEFAULT CHARSET=utf8;

insert into `y_user`(`user_id`,`org_id`,`user_name`,`pwd`,`real_name`,`org_name`) values
('1','1','ycfj','123456','宜昌分局','宜昌分局'),
('2','2','xzzd','123456','刑侦支队','刑侦支队'),
('3','3','bgs','123456','办公室','办公室'),
('4','4','bds','123456','巴东所','巴东所'),
('5','5','sxs','123456','三峡所','三峡所'),
('6','6','zgs','123456','秭归所','秭归所'),
('7','7','sdps','123456','三斗坪所','三斗坪所'),
('8','8','gzs','123456','葛闸所','葛闸所'),
('9','9','ycs','123456','宜昌所','宜昌所'),
('10','10','yds','123456','宜都所','宜都所'),
('11','11','zjs','123456','枝江所','枝江所'),
('12','12','110','123456','110','110');
CREATE TABLE `y_user_perm` (
  `perm_id` int(11) NOT NULL AUTO_INCREMENT,
  `user_name` varchar(100) NOT NULL,
  `permcode` varchar(100) DEFAULT NULL,
  `perm_comment` varchar(500) DEFAULT NULL,
  PRIMARY KEY (`perm_id`),
  KEY `idx_perm1` (`user_name`)
) ENGINE=InnoDB AUTO_INCREMENT=9 DEFAULT CHARSET=utf8;

insert into `y_user_perm`(`perm_id`,`user_name`,`permcode`,`perm_comment`) values
('2','ycfj','ROLE_110',null),
('3','ycfj','ROLE_XZD',null),
('4','xzzd','ROLE_XZD',null),
('5','xzzd','ROLE_110',null),
('6','bgs','ROLE_XZD',null),
('7','bgs','ROLE_110',null),
('8','110','ROLE_110',null);
SET FOREIGN_KEY_CHECKS = 1;

